Text,Datetime,Translation,Language,Polarity,Subjectivity
biden  wystÄ…piÅ‚ ponownie powtÃ³rzyÅ‚ co zawsze w skrÃ³ciegtgt  operacja wycofywania z afganistan  to wielki sukces  winÄ™ ponosi trump   tak nie pomyÅ‚ka mniej wiÄ™cej tak uparcie powtarza Å¼e to siÄ™ logiki nie trzyma inna rzecz ,2021-08-31 23:05:16+00:00,Biden once again repeated what always in the abbreviate the operation of withdrawal from Afghanistan is a great success blame a trump so not a mistake more or less so stubbornly repeats that this logic does not hold a different thing ,pl,0.2866666666666667,0.3833333333333333
stop  blaming trump crazy potus,2021-08-31 19:36:46+00:00,stop  blaming trump crazy potus ,pl,-0.6,0.9
bweglarczyk onet wiadomosci  bweglarczyk biden  poraÅ¼kÄ… usa go Å‚Ä…b pokoju  daje wÅ‚adzÄ™ diabÅ‚om   afghanishtan  trump  biden  usa taliban  taliban terror  afganistan ,2021-08-31 09:02:00+00:00,BWeglarczyk Onet Messages Bweglarczyk Biden's defeat USA Peace gives power Devils Afghanishtan Trump Biden USA Taliban Taliban Terror Afghanistan ,pl,0.0,0.0
bweglarczyk onet wiadomosci  bweglarczyk joe  biden  grozi isis z pewnoÅ›ciÄ… trzÄ™sÄ… siÄ™ ze strachu  afghanishtan  trump  biden  usa taliban  taliban terror  afganistan  kabul  kabul aiport ,2021-08-31 09:01:41+00:00,BWeglarczyk Onet Messages BWeglarczyk Joe Biden Thirsty Isis Certainly shadowed with Fear Afghanishan Trump Biden USA Taliban Taliban Terror Afghanistan Kabul Aiport ,pl,0.21428571428571427,0.5714285714285714
bweglarczyk onet wiadomosci  bweglarczyk owoce  joe  bodena  afganistan  drugim wietnamem   afghanishtan  trump  biden  usa taliban  taliban terror  afganistan ,2021-08-31 09:01:25+00:00,BWeglarczyk Onet Messages BWeglarczyk Fruit Joe Boden Afghanistan Second Vietnam Afghanishtan Trump Biden USA Taliban Taliban Terror Afghanistan ,pl,0.0,0.0
tak  supermocarstwo i wzÃ³r demokracji troszczy siÄ™ o bezbronnych i sÅ‚abych ale  w mediach i tak usÅ‚yszysz Å¼e biden  to najlepszy prezydent usa a trump  to byÅ‚ diabeÅ‚  ,2021-08-31 08:10:15+00:00,Yes Supermoty and the pattern of democracy cares for defenseless and weak but in the media and so you will hear that Biden is the best US president and Trump was a devil ,pl,0.075,0.5750000000000001
ron filipkowski   trump did this,2021-08-31 02:20:09+00:00,ron filipkowski   trump did this ,pl,0.0,0.0
america  jeszcze zatÄ™skni za trumpem  ,2021-08-31 02:19:41+00:00,America is still missing for Trump ,pl,-0.2,0.05
trump  byÅ‚ najlepszym prezydentem usa lat   zacz Ä…Å‚ wycofywaÄ‡ Å¼oÅ‚nierzy z terenÃ³w ktÃ³rym usa gwarantowaÅ‚o bezpieczeÅ„stwo czyli nieskoÅ„czonÄ… wojnÄ™ domowÄ…,2021-08-30 17:25:21+00:00,Trump was the best US president began to withdraw soldiers from the areas which the USA guaranteed security or an infinite home war ,pl,1.0,0.3
mÄ™Å¼owie stanu z mÄ…drymi i piÄ™knymi Å¼onami gwarancja  praworzÄ…dnoÅ›ci i elegancji  andrzej duda   trump  ,2021-08-30 10:35:24+00:00,State husbands with wise and beautiful wives. Guarantee of the rule of law and elegance Andrzej Duda Trump ,pl,0.7749999999999999,0.95
bweglarczyk onet wiadomosci  bweglarczyk biden  poraÅ¼kÄ… usa go Å‚Ä…b pokoju  daje wÅ‚adzÄ™ diabÅ‚om   afghanishtan  trump  biden  usa taliban  taliban terror  afganistan ,2021-08-30 10:18:58+00:00,BWeglarczyk Onet Messages Bweglarczyk Biden's defeat USA Peace gives power Devils Afghanishtan Trump Biden USA Taliban Taliban Terror Afghanistan ,pl,0.0,0.0
bweglarczyk onet wiadomosci  bweglarczyk joe  biden  grozi isis z pewnoÅ›ciÄ… trzÄ™sÄ… siÄ™ ze strachu  afghanishtan  trump  biden  usa taliban  taliban terror  afganistan  kabul  kabul aiport ,2021-08-30 10:18:43+00:00,BWeglarczyk Onet Messages BWeglarczyk Joe Biden Thirsty Isis Certainly shadowed with Fear Afghanishan Trump Biden USA Taliban Taliban Terror Afghanistan Kabul Aiport ,pl,0.21428571428571427,0.5714285714285714
bweglarczyk onet wiadomosci  bweglarczyk owoce  joe  bodena  afganistan  drugim wietnamem   afghanishtan  trump  biden  usa taliban  taliban terror  afganistan ,2021-08-30 10:18:29+00:00,BWeglarczyk Onet Messages BWeglarczyk Fruit Joe Boden Afghanistan Second Vietnam Afghanishtan Trump Biden USA Taliban Taliban Terror Afghanistan ,pl,0.0,0.0
onet wiadomosci  onet wiadomosci  zbrodnicze  i barbarzyÅ„skie rzÄ…dy talib Ã³w perfidnie wykorzystujÄ…ce religiÄ™ pami Ä™tnik mÅ‚odej kilkunastoletniej dziewczyny sprzed  lat  afghanishtan  trump  biden  usa taliban  taliban terror  afganistan ,2021-08-30 10:16:11+00:00,Onet Names Onet Memorial Messages and Barbaric Governments Talib This Perfectly Using Religion Memory Flower of Young Torque Girls from years ago Afghanishtan Trump Biden USA Taliban Taliban Terror Afghanistan ,pl,0.55,0.7
onet wiadomosci  onet wiadomosci  biden  poraÅ¼kÄ… usa go Å‚Ä…b pokoju  daje wÅ‚adzÄ™ diabÅ‚om   afghanishtan  trump  biden  usa taliban  taliban terror  afganistan ,2021-08-30 10:15:57+00:00,Onet Messages Onet Messages Biden Defeat USA Peace Gives power Devils Afghanishtan Trump Biden USA Taliban Taliban Terror Afghanistan ,pl,0.0,0.0
onet wiadomosci  onet wiadomosci  joe  biden  grozi isis z pewnoÅ›ciÄ… trzÄ™sÄ… siÄ™ ze strachu  afghanishtan  trump  biden  usa taliban  taliban terror  afganistan  kabul  kabul aiport ,2021-08-30 10:15:42+00:00,Onet Memoves Onet Messages Joe Biden Threatens ISIS Certainly Shamped With Fear Afghanishtan Trump Biden USA Taliban Taliban Terror Afghanistan Kabul Aiport ,pl,0.21428571428571427,0.5714285714285714
polsat news pl polsat news pl joe  biden  grozi isis z pewnoÅ›ciÄ… trzÄ™sÄ… siÄ™ ze strachu  afghanishtan  trump  biden  usa taliban  taliban terror  afganistan  kabul  kabul aiport ,2021-08-30 10:02:17+00:00,POLSAT NEWS PL POLSAT NEWS PL Joe Biden threatens ISIS will definitely shake with the fear of Afghanishtan Trump Biden USA Taliban Taliban Terror Afghul Kabul Aiport ,pl,0.0,0.5
decyzj Ä™ o wycofaniu siÅ‚ amerykaÅ„skich z afganistanu  w  podjÄ…Å‚ trump  to  takÅ¼e administracja trumpa  podjÄ™Å‚a bezpoÅ›rednie negocjacje z talibami z pominiÄ™ciem oficjalnych wÅ‚adz w kabulu  trump  rozumiaÅ‚ wÅ‚aÅ›nie toczego nie rozumiaÅ‚ redaktorgazety  polskie  wojna  byÅ‚a przegrana ,2021-08-30 06:58:39+00:00,The decision to withdraw American forces from Afghanistan in TROMP was also the TRUMPA administration undertook direct negotiations with the Taliban with omitting the official authorities in the TROMP Kabul understood that he did not understand the editakgazeta Polish war was loser ,pl,0.05,0.2
papi trumpo  wewant trump back now  trump  ,2021-08-30 06:11:30+00:00,papi trump we want trump back now trump ,pl,0.0,0.0
trump  rekomenduje szczepionki trump  agitates for vaccination   covid  together we are free  nwo usa freedom march  genocide  depopulation  ostatnia prosta  szczepimysie nie szczepimy sie  plandemia  ,2021-08-29 17:56:38+00:00,Trump Recommends Trump Agitary for Vaccination Covid Together We Are Free NO USA Freedom March Genocide Depopulation Last Simple Szczepimie Do not vaccinate Plakemia ,pl,0.13333333333333333,0.407936507936508
ciekawe  do Å›Ä‡ popularne wÅ›rÃ³d wyborcÃ³w trump  i co waÅ¼ne znÃ³w wzrasta poparcie dla trump  ,2021-08-29 11:39:41+00:00,"I wonderly popular among Trump voters and what is important again, support for Trump ",pl,0.5,0.95
ron jay  nbcnews  trump ,2021-08-29 11:25:42+00:00,ron jay  nbcnews  trump ,pl,0.0,0.0
chikadze  crushes barboza  in statement tko win breakingnews news china trump biden photo barboza  chikadze  crushes edson barboza  espn giga chikadze  mma news statement tko ufc win ,2021-08-29 05:58:56+00:00,Chikabens Barphes Barrow In Statement Tiko Win Breaking Swump Photo Barrow Barpipe Espzilee Espzelilee MMA NEWS UPCY UFC WINN ,pl,0.8,0.4
bpmsolarczyk jslusarek wol Ä™ boga   proszÄ™ bardzo    copernicus  heresy rt mojamisja flat earth  pozna Å„ catholic twitter  nasa lie trump ,2021-08-29 04:14:16+00:00,BPMSolarczyk JSlusarek Wight God Please ALL COPERNICUS HERE RT MYMISTI FLAT EARTH METHOD NATION CATHOLIC TWITTER NASA LIE TRUMP ,pl,-0.0125,0.1125
ron filipkowski  trump ,2021-08-29 00:27:59+00:00,Ron Filipkowski Trump. ,pl,0.0,0.0
rzecznik taliban u posiada aktywne konto na twitterze gdy w tym czasie do platform social mediÃ³w dostÄ™pu nie ma donald  trump  ,2021-08-28 21:59:09+00:00,The Taliban U spokesperson has an active Twitter account when at this time do not have Donald Trump at this time to the social access media platforms ,pl,-0.05,0.3333333333333333
jakim  cudem caÅ‚e odium za zamach na lotnisku w kabulu  spadÅ‚o na bidena  przecie Å¼ to trump  w  r doprowadziÅ‚ do uwolnienia z pakistaÅ„skiego wiÄ™zienia muÅ‚Å‚y baradara  taliba  z ktÃ³rym w lutym  r podpisaÅ‚ porozumienie o wycofaniu wojsk usa z afganistanu  ,2021-08-28 19:17:57+00:00,"How a whole Odium after the attack on the airport in Kabul, after all, TRUMP in R led to the release from the Pakistani prison of MuÅ‚y Baradar Taliba with whom in February R signed an agreement on the withdrawal of US troops from Afghanistan ",pl,0.2,0.4
spos Ã³b wyjÅ›cia usa z afganistanu  byÅ‚ najgÅ‚upszym ruchem w historii ameryki  a wojskowi dowÃ³dcy i prezydent joe  biden  skupieni sÄ… bardziej na lewicowej ideologii niÅ¼ bezpieczeÅ„stwie  stwierdziÅ‚ prezydent donald  trump   wi Ä™cej na paradyzja   ,2021-08-28 17:23:33+00:00,The way of US departure from Afghanistan was the stupidest movement in the history of America and the military commander and president Joe Biden focused are more on the leftist ideology than the safety stated President Donald Trump. ,pl,0.11666666666666668,0.39999999999999997
donald  trump  w czwartek ostro skrytykowaÅ‚ styl w jakim joe biden  wyprowadza wojska usa z afganistanu    za  moich czasÃ³w wycofywanie wojsk z afganistanu  byÅ‚o dopiÄ™te na ostatni guzik  stwierdziÅ‚ trump   nigdy  bym na to nie pozwoliÅ‚  skwitowaÅ‚  ,2021-08-28 15:59:05+00:00,"Donald Trump on Thursday hardly criticized the style in which Joe Biden leads out the US army from Afghanistan for my time to withdraw the troops from Afghanistan was attached to the last button stated Trump, I would never let it change ",pl,-0.14583333333333334,0.30416666666666664
macierewicz a w  administracja bidena  bardzo drastycznie zaczÄ™Å‚a zmieniaÄ‡ politykÄ™ poprzez decyzje dot afganistanu  i nord stream  te  dwie decyzje podwaÅ¼yÅ‚y caÅ‚Ä… stabilnÄ… strukturÄ™ jakÄ… ksztaÅ‚towaÅ‚ trump ,2021-08-28 11:15:12+00:00,"Macierewicz and in the Biden administration very dramatically began to change policies through the decisions of DOT Afghanistan and Nord Stream, these two decisions undermined the entire stable structure that TROMP shaped ",pl,0.1,0.4625
 ecology now dpkaszubowski  mazur artur  wiertelak makala  michal sztybel  lysy niedzwiedz   tpblaszczyk  culturovo tomasz piasecki  charzynskikarol zieloni piraci  rundfunk europa  adamlubanski tyczynskik kamil heyka  greg    nie  sÄ…dzÄ™ aby odpuÅ›cili  poza  tym biden  jest pierwszÄ… i ostatniÄ… kadencjÄ… trump  chce wrÃ³ciÄ‡ a harris  jest niewybieralna  kto  wie moÅ¼e ao c  â“,2021-08-28 10:14:52+00:00,Ecology Now Dkajubowski Mazur Artur Kier TÄ™telek Makala Michal Sztybel Lysy Bear Tpblaszczyk Culturovo Tomasz Piasecki Charzynskikarol Zieloni Pirates Rundfunk Europa Adamlubanski Tyczynskik Kamil Heyka Greg I do not think that Biden is the first and last term of the trump wants to come back and Harris is unquestionable who knows can Ao C â“ ,pl,0.1125,0.125
sÅ‚yszÄ™ Å¼e dziadzia  dÅ¼oÅ‚k biden  chce teraz wziÄ…Ä‡ odwet na zamachowcach w afganistan  bior Ä…c pod uwagÄ™ wyczucie tego lidera wolnego Å›wiatağŸ¤¡ obawiam siÄ™ czy nie nakaÅ¼e zbombardowaÄ‡ pakistanu  albo  uzbekistanu   usa trump  america  democracy,2021-08-27 23:11:58+00:00,"I hear that the Gardens Biden's journal now wants to take revenge on the assassins in Afghanistan, taking into account the feeling of this leader of the free world - I am afraid or will not order ZombÃ³r Pakistan or Uzbekistan USA TRUMP AMERICA DEMOCRACY ",pl,3.700743415417188e-17,0.6
czy  ktoÅ› sÄ…dzi Å¼e entuzjaÅ›ci biden a majÄ… mu coÅ› do zarzucenia niemo Å¼liwe oznacza Å‚oby Å¼e byli gÅ‚upcami jakie  rozwiÄ…zanie znaleÅºli proste  i spÃ³jne z antytrumpowskim ostrzaÅ‚em  to trump  zarzÄ…dziÅ‚ wycofanie w angielskojÄ™zycznych wpisach roi siÄ™ od takich jak ten ,2021-08-27 22:12:25+00:00,"Did anyone think that biden enthusiasts and they have something to complain about it, I am a foul for him that they were foolishness that the solution found simple and consistent with the anti-Summer firing, TRUMP ordered withdrawing in the English-speaking entries roi from such as this one ",pl,0.08333333333333333,0.36904761904761907
pozew  zÅ‚oÅ¼ony przez policjantÃ³w nie zostawia na trumpie  i jego ekstremistycznych zwolennikach suchej nitki  trump  biden  usa kapitol   ,2021-08-27 18:07:00+00:00,A lawsuit made by policemen does not leave on the trump and his extremist followers of the dry thread of Trump Biden USA Kapitol ,pl,-0.06666666666666665,0.6
spos Ã³b przeprowadzenia wyjÅ›cia usa z afganistan  byÅ‚ â€najgÅ‚upszym ruchem w historii ameryki  a wojskowi dowÃ³dcy i prezydent joe  biden  skupieni sÄ… bardziej na lewicowej ideologii niÅ¼ bezpieczeÅ„stwie  stwierdziÅ‚ w wywiadzie donald  trump   ,2021-08-27 17:00:02+00:00,"The way to carry out the USA output from Afghanistan was ""the stupidest movement in the history of America and the military commanders and president Joe Biden focused are more on leftist ideology than the safety stated in the interview Donald Trump ",pl,0.11666666666666668,0.39999999999999997
anna sarzynska  sami demokraci przyznajÄ… Å¼e sam sposÃ³b przeprowadzenia ewakuacji byÅ‚ organizacyjnÄ… poraÅ¼kÄ… sama  decyzja o wycofaniu zapadÅ‚a jeszcze za donalda  trumpa  ale przeprowadzenie jej w tak chaotyczny sposÃ³b spada na bidena  afganistan ,2021-08-27 16:11:34+00:00,"Anna Sarzynska Sami Democrats admit that the way the evacuation itself was the organizational failure of the decision to withdraw the decisive for Donald Trump, but conducting it in such a chaotic way falls to Biden Afghanistan ",pl,-0.15833333333333335,0.4
dziecko  by to zrozumiaÅ‚o trump  to   dorzeczy,2021-08-27 16:10:56+00:00,A child to understand this trump is basins ,pl,0.0,0.0
onet wiadomosci  szkoda  mi prezydenta potus  to wszystko zaczÄ…Å‚ trump  a teraz wszyscy majÄ… pretensjÄ™ do obecnego prezydenta   ,2021-08-27 12:23:08+00:00,Onet Messages Damage to Mi President Potus It all began Trump and now everyone has a grudge against the present president ,pl,0.0,0.0
 kto  sprzedaÅ‚ trump  ,2021-08-27 11:19:03+00:00,Who sold Trump ,pl,0.0,0.0
nigdy  nie powinno siÄ™ dopuÅ›ciÄ‡ do tragedii ktÃ³ra wydarzyÅ‚a siÄ™ w kabulu   napisaÅ‚ w oÅ›wiadczeniu poprzedni prezydent usa donald  trump   wi Ä™cej na paradyzja   ,2021-08-27 09:03:32+00:00,You should never let the tragedy that happened in Kabul wrote in a statement former US President Donald Trump WiÄ™cie for paradogue ,pl,0.0,0.0
waszczykowski w w  kwestiÄ™ zakoÅ„czenia wojny w afganistanie  rozpoczÄ…Å‚ prezydent trump  w zeszÅ‚ym roku ale  na prezydencie bidenie  spoczywa obowiÄ…zek przeprowadzenia tego wycofania siÄ™ i ewakuacji,2021-08-27 08:22:35+00:00,"Waszczykowski in the question of the end of the war in Afghanistan began President Trump last year, but the president's bending rests the obligation to carry out this withdrawal and evacuation ",pl,0.0,0.06666666666666667
wasiukiewicz j ale  zapomniaÅ‚ dodaÄ‡ Å¼e i tak wszyscy nie zdÄ…Å¼Ä… ci  co nie zdÄ…Å¼Ä… zostanÄ… bohaterami na  pewno bÄ™dÄ… zadowoleni biden  trump   tvpinfo  wkontrze,2021-08-27 08:18:36+00:00,Wasiukiewicz J But he forgot to add that everyone will not let you know what will not be the heroes will surely be satisfied with the Biden Trump TVPinfo in Conquer ,pl,0.5,1.0
bo Å¼e bÅ‚ogosÅ‚aw ameryk Ä™ trump  biden  kabul  ,2021-08-27 07:28:40+00:00,Goddy Blessed America Trump Biden Kabul ,pl,0.0,0.0
artur dziambor  w  o ewakuacji z afganistan  dla usa jako straÅ¼nika bezpieczeÅ„stwa Å›wiatowego wyglÄ…da to jak totalna kapitulacja niby  usa przygotowywaÅ‚y siÄ™ do niej latami ale mam wraÅ¼enie Å¼e administracja trumpa  nie pozwoliÅ‚aby Å¼eby to wyglÄ…daÅ‚o w ten sposÃ³b,2021-08-27 06:32:05+00:00,Artur Dymbor in about evacuation from Afghanistan for the US as a world security guard looks like a total capitulation of the USA was preparing for her for years but I have the impression that the Trump administration would not let it look like this way ,pl,0.0,0.75
nigdy  nie powinno siÄ™ dopuÅ›ciÄ‡ do tragedii ktÃ³ra wydarzyÅ‚a siÄ™ w kabul   napisaÅ‚ w oÅ›wiadczeniu w czwartek poprzedni prezydent usa donald  trump   ,2021-08-27 06:20:00+00:00,You should never let the tragedy who happened in Kabul wrote in a statement on Thursday. Previous President of US Donald Trump ,pl,-0.16666666666666666,0.16666666666666666
d trump  tragedia  w kabulu  nigdy nie powinna byÅ‚a siÄ™ zdarzyÄ‡ ,2021-08-27 04:33:55+00:00,d Trump Tragedy in Kabul has never been to happen ,pl,0.0,0.0
donald  trump  krytykuje joe biden  jeste Å›my sÅ‚abi jesteÅ›my Å¼aÅ‚oÅ›ni usa   ,2021-08-27 03:38:08+00:00,Donald Trump criticizes Joe Biden We are weak We are morbid ,pl,-0.375,0.625
a jeszcze niedawno prezydent trump  zarzekaÅ‚ siÄ™ Å¼e isis zostaÅ‚o zniszczone w  ,2021-08-26 21:55:41+00:00,"And recently, President Trump complained that Isis was destroyed in ",pl,-0.15,0.225
trump  had zero new wars ,2021-08-26 19:14:03+00:00,trump  had zero new wars ,pl,0.13636363636363635,0.45454545454545453
by Å‚y prezydent usa donald  trump  wyraziÅ‚ oburzenie faktem Å¼e wiÄ™kszoÅ›Ä‡ z ewakuowanych z kabulu  to afga Å„czycy sugerujÄ…c Å¼e tysiÄ…ce z nich mogÄ… byÄ‡ terrorystami  wi Ä™cej na paradyzja   ,2021-08-26 15:07:30+00:00,"US President Donald Trump expressed indignation to the fact that most of the kabul evacuated from Kabul are Afga, suggesting that thousands of them can be terrorists at the paradise ",pl,0.5,0.5
zbiera  punkty na  razie ma ujemny dorobek w usa chyba Å¼e wrÃ³ci trump  ,2021-08-26 07:44:54+00:00,He collects points for now has a negative achievement in the US unless you will come back Trump ,pl,-0.15,0.2
ğŸ¤£ğŸ¤£ğŸ¤£  zeoliarmy  trump  ,2021-08-26 00:07:12+00:00,ğŸ¤£ğŸ¤£ğŸ¤£  zeoliarmy  trump ,pl,0.0,0.0
mial  byc ford  trump  a bedzie plot  trump  swietna  zamiana,2021-08-25 20:25:03+00:00,It was supposed to be Ford Trump and there will be a trump swap ,pl,0.0,0.0
  jaki Å› pÅ‚aszczak mblaszczak chce budowaÄ‡ pÅ‚ot  mam  nadziejÄ™ iÅ¼ skoÅ„czysz tak jak trump  ministerku od wojenek z potrzebujÄ…cymi pomocy ludzi patafianie  ,2021-08-25 19:58:10+00:00,What a coat of MBLASZKAK I want to build a fence I hope that you will end like Trump Miecor since the war with those in need of people Patafienie ,pl,0.0,0.0
trump  kiedyÅ› na wiecu krzyczaÅ‚ kto zapÅ‚aci za mur i pokazywaÅ‚ na swoich wyznawcÃ³w ktÃ³rzy krzyczeli meksyk  nierozumiejÄ…c Å¼e to oni mur trump  ,2021-08-25 19:12:41+00:00,Trump once on the rally shouted who will pay for the wall and showed on his followers who shouted Mexico without unresolving that they are a wall trump ,pl,0.0,0.0
trump zachÄ™caÅ‚ do zczepieÅ„ zosta Å‚ wygwizdany biden  i afganistan   totalna klÄ™ska  akalbarczyk  krzluksza   link do programu   nowa  strona  serdecznie  zapraszamy do oglÄ…dania programÃ³w na Å¼ywo ,2021-08-25 17:00:02+00:00,TROMP encouraged appeteated Biden and Afghanistan Total Davy Akalbarczyk Krzluchsza Link to the New Site program We cordially invite you to watch live programs ,pl,0.0909090909090909,0.5681818181818182
d trump  wÅ›rÃ³d ewakuowanych z afganistanu  sÄ… terroryÅ›ci ,2021-08-25 13:34:44+00:00,D Trump among those evacuated from Afghanistan are terrorists ,pl,0.0,0.0
slawek konin  joe biden  gdy  to byÅ‚o wygodne joe biden  masowo zmieniaÅ‚ decyzje trump  za pomocÄ… executive orders    ,2021-08-25 10:47:58+00:00,Slawek Konin Joe Biden When it was convenient Joe Biden massually changed the decisions of Trump using Executive Orders ,pl,0.0,0.0
pami Ä™tacie te wrzaski Å¼e potus nas zdradziÅ‚ bo cofnÄ…Å‚ pseudo sankcje trump  w sprawie nord stream  tu  julitazl w dgprawna  dziennik pl o realnym uszkodzeniu interesÃ³w gazprom  czyli sporze prawnym i oczekiwaniu na wyrok niemieckiego sÄ…du  ka Å¼de rozstrzygniecie wali w rosj Ä™ ,2021-08-25 08:39:44+00:00,"Members, these screams that Potus betrayed us because the pseudo Sanctions Trump in Nord Stream here Julitazl in DGPraw Dziennik en about real damage to Gazprom's interests or legal dispute and waiting for the verdict of the German court. ",pl,0.13333333333333333,0.16666666666666666
 trump zachÄ™caÅ‚ do szczepieÅ„ zosta Å‚ wygwizdany biden  i afganistan   totalna klÄ™ska ak albarczyk krzluksza   juÅ¼ jest nowa  strona  serdecznie  zapraszamy do oglÄ…dania programÃ³w na Å¼ywo   foto  facebook   ,2021-08-25 08:23:00+00:00,Trump encouraged for vaccination. Biden and Afghanistan Total Davy AK Albarczyk Krzluchzy is already a new site. We cordially invite you to watch live programs FotoBook ,pl,0.0909090909090909,0.5681818181818182
tak  w praktyce wyglÄ…dajÄ… skutki przejÄ™cia sÄ…downictwa nawet  w usa biden  trump  sÄ…dnajwy Å¼szy sÄ…dy ,2021-08-25 07:05:45+00:00,"yes, in practice, the effects of taking over the judiciary even in the USA Biden Trump CourtesNable courts ",pl,0.0,0.0
program  imigracyjny trumpa  pozosta Å„ w meksyku  utrzymany przez sÄ…d najwy Å¼szy ,2021-08-25 06:45:50+00:00,The Trump Memigration Program remaining in Mexico maintained by the court of the highest ,pl,0.0,0.0
nawet  trump  nie pomoÅ¼e chi Å„skiwirus  wuhan virus  szczepimysie pandemic pandemia   ,2021-08-23 22:31:12+00:00,Even Trump will not help Chi Sniewirus Wuhan Virus Szczepimie Pandemic Pandemia ,pl,0.0,0.0
pami Ä™tacie czasy kiedy to Å›mieszne filmiki byÅ‚y najstraszniejsza rzeczÄ… jakÄ… siÄ™ dziaÅ‚a w amerykaÅ„skiej polityce wygl Ä…da na to Å¼e coraz wiÄ™cej osÃ³b za tym tÄ™skni memy trump usa ,2021-08-23 18:55:34+00:00,memorial times when funny videos were the most terrible thing that works in American politics look that more and more people miss Memy Trump USA ,pl,0.125,0.5833333333333334
w najnowszym numerze â€codziennej  Â» rosja  zakrÄ™ca kurek z gazem polska  nie ustÄ™puje Å‚ukaszence trump  joe  biden  skompromitowaÅ‚ ameryk Ä™  wi Ä™cej na  kup  online na   gazeta polska codziennie  ,2021-08-23 04:15:14+00:00,"In the latest issue of ""Daily"" Russia, Russia turns the gas from Poland, Poland does not give way to Åukaszence TROMP Joe Biden Skompromitated Americas to buy online on Gazeta Polska every day ",pl,0.25,0.45
aÅ¼ nie chce siÄ™ wierzyÄ‡ Å¼e najwi Ä™ksze mocarstwo  daÅ‚o sobie wybraÄ‡ takÄ… piÄ…tÄ… kolumnÄ™ to przebija nawet naszych gensekÃ³w typu bieruta  bÄ™dÄ… konsekwencje na lata chyba nie staje mi wyobraÅºni  roluj Ä…c trump  wyrolowano ameryk Ä™ afganisthan  ,2021-08-22 21:46:31+00:00,"until I do not want to believe that the biggest power gave you to choose such a fifth column, even our Bieruta gensions will be consequences for years I do not think I have an imagination rolling TRUMP Ruined Americas Afghanisthan ",pl,0.0,0.5
wspomnie Å„ czar biden  trump  ,2021-08-22 21:01:26+00:00,Memories Czar Biden Trump ,pl,0.0,0.0
israel  dr  zelenko  twÃ³rca zelenko protocol  lekarz trump  a o covid vaccines  to jest broÅ„ biologiczna  ludobÃ³jstwo genocide  depopulacja depopulation agenda  ofiara z dzieci  nie szczepimy sie  szczepimy si Ä™ nieszczepimy si Ä™ covid vaccinesideeffects  covid  sideeffect covid ,2021-08-22 17:16:10+00:00,Israel Dr Zelenko Creator Zelenko Protocol Physician Trump A O Covid Vaccines This is a biological weapon genocide Genocide Depopulation Depopulation Agenda Sacrifice with children. We are not vaccinated. We will not vaccinate ,pl,0.0,0.0
  wow  january  trump ,2021-08-22 14:16:15+00:00,wow  january  trump ,pl,0.1,1.0
usa donald  trump  skrytykowaÅ‚ prezydenta joe  bidena  w zwiÄ…zku z wycofaniem amerykaÅ„skich siÅ‚ z afganistanu  w jego ocenie sytuacja wyglÄ…daÅ‚aby zupeÅ‚nie inaczej gdyby to on nadal zasiadaÅ‚ w bia Å‚ym domu   mogli Å›my wyjÅ›Ä‡ z honorem  powiedziaÅ‚    ,2021-08-22 14:08:25+00:00,"US Donald Trump criticized President Joe Biden in connection with the withdrawal of American forces from Afghanistan in his evaluation, the situation would look completely different if he was still sitting in a white house, we could leave honor ",pl,0.0,0.19999999999999998
israel  dr zelenko  osobisty lekarz trump  a zeznaje przed sÄ…dem rabinackim Å¼e szczepionki na covid  to trucizna genocyd wojna biologiczna przeciw ludzkoÅ›ci ofiara skÅ‚adana z dzieci szczepimy si Ä™ nie szczepimy sie  covidnsw nieszczepimysiÄ™ corona  ,2021-08-22 12:00:18+00:00,Israel Dr. Zelenko Personal Physician Trump A testifies to the Rabinant court that the vaccine on COVID is a poison Genicide Biological war against humanity. Sacrifice. Folding from children. We will not vaccinate Covidnswi ,pl,0.0,0.3
  usa alabama  al mimo  deszczu tÅ‚umy na dzisiejszym wiecu trumpa  w alabamie   trump rally alabama  rsbnetwork  newsmax  oann ,2021-08-22 11:13:14+00:00,USA Alabama Al despite the rain. Crowds on today's Rally Trump in Alabamie Trump Rally Alabama Rsbnetwork Newsmax Oann ,pl,0.0,0.0
prezydent   donald  trump  joe biden  musi przeprosiÄ‡ ameryk Ä™ za to Å¼e pozwoliÅ‚ wojsku wyjÅ›Ä‡ przed cywilami i za to Å¼e pozwoliÅ‚ na przekazanie talibom wyrafinowanego sprzÄ™tu wojskowego o wartoÅ›ci  miliardÃ³w dolarÃ³w oraz rosji  i chinom  Å¼eby mogli go skopiowaÄ‡ ğŸ¤¦  ,2021-08-22 10:51:56+00:00,President Donald Trump Joe Biden must apologize to Americas for allowing the army to get out of civilians and for allowing the Taliban of sophisticated military equipment worth billions of dollars and Russia and China to copy it ğŸ¤¦ ,pl,0.2333333333333333,0.4000000000000001
gov ron de santis   nowy trump  z floryda   ,2021-08-22 10:15:00+00:00,Gov Ron de Santis New Trump from Florida ,pl,0.13636363636363635,0.45454545454545453
  biden  poraÅ¼kÄ… usa go Å‚Ä…b pokoju  daje wÅ‚adzÄ™ diabÅ‚om   afganistan  talibowie  biden  trump  usa,2021-08-22 09:37:36+00:00,Biden's defeat USA pigeon room gives power Devils Afghanistan Taliban Biden Trump USA ,pl,0.0,0.0
rz Ä…dy diabÅ‚Ã³wğŸ¤¬ğŸ¤¬ğŸ¤¬ zbrodnicze  i barbarzyÅ„skie rzÄ…dy talib Ã³w perfidnie wykorzystujÄ…ce religiÄ™ pami Ä™tnik mÅ‚odej kilkunastoletniej dziewczyny sprzed  lat  afganistan burning  afganistan women  afganistan  biden  usa trump  women talibowie ,2021-08-22 09:17:12+00:00,Rzady Devils Criminal and BarbarzyÅ„skie Governments of Talib This Perfidious Religion Religion Rhinestone Young Torn Years Old Girls from Summer Afghanistan Burning Afghanistan Women Afghanistan Biden USA Trump Women Taliban ,pl,-0.06666666666666668,0.38333333333333336
amerykanie  przeciwnicy bidena  i wszelkiej maÅ›ci lewactwa nie pozasypiali wida Ä‡ Å¼e chcÄ… zmian i do zmian w  napewno dojdzie pytanie  czy w demokratyczny sposÃ³b trump  ,2021-08-22 07:59:48+00:00,Americans of the Bidena opponents and all levities have not been able to see that they want changes and to change in certainty whether the Democratic way of Trump will come ,pl,0.5,0.625
jack posobiec  trump ,2021-08-22 05:33:02+00:00,jack posobiec  trump ,pl,0.0,0.0
a jeÅ›li jest to zaplanowana akcja trumpa   demokraci faÅ‚szujÄ… wybory wygrywa biden   szantaÅ¼owany laptopem syna biden  zgadza siÄ™ na nord stream    spektakularna poraÅ¼ka w afganistanie   impeachment i kompromitacja demokrat Ã³w  trump  wraca w blasku chwaÅ‚y ust Ä…piÄ‡ by wygraÄ‡ ,2021-08-21 22:23:20+00:00,And if this is a scheduled action Trumpa Democrats falsifying the election wins the Biden blackmailed laptop son Biden agrees on Nord Stream a spectacular defeat in Afghanistan Impeachment and the compromise of the Democrat of TRUMP returns in the glory of glory to win ,pl,0.45,0.4
elibarbur w tym przypadku problemem nie sÄ…  prawicowe grupy o ktÃ³rych braku pisze raport  fbi ale lewicowe czy  byli tam prowokatorzy z obozu wrogiego trump   ipptv,2021-08-21 20:14:09+00:00,"Elibarch In this case, the right-wing groups are not the right to write the FBI report but leftist or there were provocabats from the hostical camp of Trump IPPTV ",pl,0.11785714285714285,0.5678571428571428
media   macierewicz a trump  afganistan  biden  konsultacje odpowiedzialnoÅ›Ä‡  wÅ‚Ä…czprawdÄ™ tvrepublika  ,2021-08-21 11:59:50+00:00,Media Macierewicz A Trump Afghanistan Biden Consultations Responsibility Enable TVRepublika ,pl,0.0,0.0
macierewicz a z caÅ‚ym szacunkiem dla prezydenta bidena  przerzucenie odpowiedzialnoÅ›ci na trumpa  jest nieudolnÄ… prÃ³bÄ… donald  trump  przygotowaÅ‚ wszystko trafnie i wszystko byÅ‚o konsultowane z paÅ„stwami ktÃ³re braÅ‚y udziaÅ‚ w misji afganistan ,2021-08-21 11:24:08+00:00,"Macierewicz and with all due respect to President Biden, the transfer of responsibility to Trump is an ineffective attempt to Donald Trump prepared everything accurately and everything was consulted with the countries who participated in the Afghanistan mission ",pl,0.13750000000000004,0.5041666666666667
paczajta  wyrok sÄ™dziego przywr Ã³ciÄ‡ bezpieczeÅ„stwo graniczne do stanu poprzedniego biden trump ameryka  ,2021-08-21 09:26:23+00:00,Punzieta Judge Judge Restore Border Security to the previous state of Biden Trump America ,pl,-0.16666666666666666,0.16666666666666666
kasiababis lewicowy hub    jego  powinnien ograniczyÄ‡ twitter  tak jak trump  ğŸ¤”,2021-08-21 09:08:06+00:00,Kasia Babis leftist HUB should limit Twitter like Trump ğŸ¤” ,pl,-0.05,0.6
andrzej szejna  w  gdyby prezydentem byÅ‚  trump  to mielibyÅ›my takÄ… samÄ… sytuacjÄ™ to  wÅ‚aÅ›nie on podpisaÅ‚ porozumienie z talibami i zapowiedziaÅ‚ wycofanie siÄ™ to  jeden z nielicznych elementÃ³w administracji bidena  gdzie kontynuuje politykÄ™ donalda  trumpa  afganistan ,2021-08-21 08:16:57+00:00,"Andrzej Szejna in if the president was Trump, we would have the same situation, which has signed an agreement with the Taliban and announced the withdrawal of this one of the few elements of the Bidena administration where the policy of Donald Trump Afghanistan continues ",pl,-0.1,0.1125
by Å‚y starszy programista google  zach  vorhies   ujawniÅ‚ Å¼e google  zmieniÅ‚o algorytmy przy wyszukiwaniu wiadomoÅ›ci w czasie rzÄ…dÃ³w d trump  punktujÄ…c negatywne newsy o nim tak by byÅ‚y wyÅ›wietlane dÅ‚uÅ¼ej niÅ¼ inne nagÅ‚Ã³wki tym samym urzeczywistniajÄ…c teorie spiskowe,2021-08-21 07:38:33+00:00,"BY Senior Google Zach Vorhies programmer revealed that Google changed the algorithms when searching for messages during the D Trump rule, scoring negative news about it so that they are displayed longer than other headings thus realizing the conspiracy theories ",pl,-0.2125,0.3875
trump  nadal zablokowany na twitter   a talibowie  nadal z peÅ‚nym dostÄ™pem przypomina  mi to sondÄ™ sprzed kilku lat w ktÃ³rej niemcy  odpowiedzieli Å¼e trump  jest wiÄ™kszym zagroÅ¼eniem dla demokracji niÅ¼ putin   any  questions   przez welt,2021-08-20 12:03:19+00:00,Trump still blocked on Twitter and the Taliban still with full access reminds me of this probe from a few years ago in which the Germans responded that Trump is a greater threat to democracy than Putin Any Questions by Welt ,pl,0.21666666666666665,0.3833333333333333
wzowl jc  nikki haley  trump  is a  ,2021-08-20 07:59:43+00:00,wzowl jc  nikki haley  trump  is a ,pl,0.0,0.0
trump  poucza administracjÄ™ potus najpierw  zabierasz wszystkich obywateli usa  ,2021-08-20 07:02:47+00:00,Trump will teach Potus Administration First Take all US citizens ,pl,0.25,0.3333333333333333
operacja  zarobkowa pfizer  trump   o trzeciej dawce szczepionki koronawirus  ,2021-08-20 06:37:42+00:00,PFIZER TRUMP gain operation with a third dose of coronavirus vaccines ,pl,0.0,0.0
d trump  trzeba  byÅ‚o najpierw zniszczyÄ‡ bazy w afganistanie  a potem wycofaÄ‡ wojsko ,2021-08-20 06:27:22+00:00,D Trump You had to destroy the base in Afghanistan first and then withdraw the army ,pl,-0.25,0.4444444444444444
nawet  by nie wiedzieli Å¼e odeszliÅ›my trump   wytyka joe biden   powaÅ¼ne bÅ‚Ä™dy afganisthan   ,2021-08-20 05:01:50+00:00,Even they would not know that we left Trump. Joe Biden. Serious mistakes. Afghanisthan ,pl,-0.16666666666666666,0.3333333333333333
my Å›l bardziej ciekawa niÅ¼ ironia sugerujeâ¤µ barbarzy Å„cy z talibanu  majÄ… zielone Å›wiatÅ‚o na twtrze  nie  tylko Å¼e trump  jest zbanowany na wiecznoÅ›Ä‡ ale teÅ¼ kaÅ¼dy kto wiÄ™cej niÅ¼  razy poda coÅ› od niego a co gdyby tak trump  sprÃ³bowaÅ‚ na twtr  jako taliban  ğŸ¤” ,2021-08-20 04:29:04+00:00,we are more interesting than irony suggesting the barbors from Talibanu have a green light on Twieto not only that Trump is banned for eternity but also anyone who gave more than times something from him and what if so Trump tried to TWTR as Taliban ğŸ¤” ,pl,0.2833333333333334,0.5833333333333334
zagoba  wiihol zgadza  siÄ™ trump  wygraÅ‚,2021-08-19 17:45:18+00:00,Zagob Wiihol agrees Trump won ,pl,0.0,0.0
jak  wynika z analizy jego profili na mediach spoÅ‚ecznoÅ›ciowych  jest on zwolennikiem donalda  trump  â€â™‚  ÅºrÃ³dÅ‚o ,2021-08-19 17:43:25+00:00,"According to the analysis of his profiles on social media, he is a supporter of Donald Trump â™‚ source ",pl,0.03333333333333333,0.06666666666666667
trump  mÄ…drze kl Ä™ska w afganistan  to nie klÄ™ska usa a zwyciÄ™stwo ch rl  to  w kampanii bÄ™dzie samograj partia  demokratyczna kasuje swoich liderÃ³w na rzecz oligarchiii biurokratycznej partii  odklejenie  od obywateli  coraz wiÄ™ksze  twitter  zablokowaÅ‚ trump  i daje gÅ‚os talibom ,2021-08-19 12:32:26+00:00,Trump Smart KlÄ…ska in Afghanistan is not a US defeat and the victory of CH RL is in the campaign will be a self-program Democratic party deletes his leaders for the oligarchiii bureaucratic party. Delighting from citizens. More and more Twitter blocked Trump and gives the voice of Taliban ,pl,0.4047619047619048,0.5476190476190476
wow  trump  smdh  ,2021-08-19 12:22:02+00:00,wow  trump  smdh ,pl,0.1,1.0
twitter  zezwoliÅ‚ talibowie na pozostanie w jego serwisie pod warunkiem Å¼e na swoich kontach nie bÄ™dÄ… â€gloryfikowaÄ‡ przemocy podczas gdy konto byÅ‚ego prezydenta usa donalda  trump  pozostaje wciÄ…Å¼ zawieszone  poinformowaÅ‚ â€daily  mail   ,2021-08-19 10:00:02+00:00,"Twitter has allowed the Taliban to stay on his service provided that on their accounts they will not be ""glorify violence while the account of the former US President Donald Trump remains still suspended"" Daily Mail ",pl,0.0,0.0
â¡  talibowie  mogÄ… warunkowo zostaÄ‡ na twitterze  donald  trump   nie  â™¾   ÅºrÃ³dÅ‚o   wylurkowa Å‚ kwarz pl  cenzura polityka afganistan  trump ,2021-08-19 08:04:34+00:00,â¡ Taliban can conditionally be on Twitter Donald Trump Nie â™¾ Source Flower Province of Kwarz EN Censorship Afghanistan Trump Policy ,pl,0.0,0.0
adzysk no  i gdzie  ta  wolnoÅ›Ä‡  sÅ‚owa trump ,2021-08-19 07:21:12+00:00,Azysk and where this freedom of Trump ,pl,0.0,0.0
tomasz sakiewicz  liberalnolewicowÄ… demokracjÄ™ prÃ³bowaÅ‚ obaliÄ‡ trump  on  nie przeciwstawiÅ‚ siÄ™ caÅ‚ej polityce amerykaÅ„skiej tylko ideologii ktÃ³ra narzucaÅ‚a pewne wzorce funkcjonowania i w polityce i w Å¼yciu spoÅ‚eczny afganistan  to symboliczny poczÄ…tek koÅ„ca tego systemu,2021-08-19 07:05:29+00:00,Tomasz Sakiewicz Liberalewicem democracy tried to overthrow the trump He did not oppose the entire American policy only an ideology that imposed some patterns of functioning and in politics and in social life Afghanistan is a symbolic beginning of the end of this system ,pl,0.008333333333333333,0.42291666666666666
gwoli  Å›cisÅ‚oÅ›ci daÅ‚ tych co teraz wieszajÄ… psy na potus joe biden  ale to trump  podpisaÅ‚ deklaracje z talibami  Å¼e do  sierpnia wojska usa opuszczÄ… afganistan ,2021-08-19 06:11:43+00:00,for accuracy gave those who now hang dogs on Potus Joe Biden but this Trump signed declarations with the Taliban that until August the US army will leave Afghanistan ,pl,0.0,0.0
trump  dumny ze szczepionek na  mog Å‚o umrzeÄ‡  mln osÃ³b koronawirus sarsco   ,2021-08-19 03:19:32+00:00,Trump proud from vaccines on maybe die million people Coronavirus Sarsco ,pl,0.8,1.0
ronny jackson tx donald jtrump jr  typical  trump gop projection ,2021-08-19 02:23:55+00:00,ronny jackson tx donald trump jr typical trump gop projection ,pl,-0.16666666666666666,0.5
a trump  nie moÅ¼eğŸ¤·â€â™‚ czego  nie rozumiecie ,2021-08-18 20:13:30+00:00,A Trump can not you understand ,pl,0.0,0.0
usa  talibowie  mogÄ… warunkowo zostaÄ‡ na twitterze  donald  trump   nie ,2021-08-18 20:13:26+00:00,USA Taliban can conditionally be on Twitter Donald Trump ,pl,0.0,0.0
usa talibowie  mogÄ… warunkowo zostaÄ‡ na twitter  donald  trump   nie ,2021-08-18 19:24:09+00:00,USA Taliban can conditionally be on Twitter Donald Trump ,pl,0.0,0.0
by Å‚y prezydent usa donald  trump  w ostrych sÅ‚owach oceniÅ‚ sytuacjÄ™ w afganistanie  twierdzÄ…c Å¼e ameryka  nigdy wczeÅ›niej nie zostaÅ‚a tak upokorzona trump  broniÅ‚ teÅ¼ zawartej przez niego umowy z talibami  wi Ä™cej na paradyzja   ,2021-08-18 12:03:30+00:00,US President Donald Trump in acute words assessed the situation in Afghanistan claiming that America has never been so humiliated by TRUMP also defended the agreement with the Taliban for paradotia ,pl,0.6,0.9
co  rÃ³Å¼nicy rzecznika talibÃ³w od byÅ‚ego prezydenta usa donalda  trumpa  z caÅ‚Ä… pewnoÅ›ciÄ… dostÄ™p do twittera   usa twitter  trump  taliban  ,2021-08-18 11:00:03+00:00,What the difference of the Taliban Ombudsman from the former US President Donald Trump Certainly access to Twitter US Twitter Trump Taliban ,pl,0.10714285714285714,0.2857142857142857
 brytyjczy  o afganistan  â–ªwycofanie  siÄ™    bÅ‚Ä…d   dobra decyzja â–ªwinny   j biden    trump   bush  â–ª pytanych nasi Å¼oÅ‚nierze umierali bez sensu â–ª  robimy  za maÅ‚o by ratowaÄ‡ afgaÅ„skich tÅ‚umaczy i ich rodziny via daily mail uk afghanistan  ,2021-08-18 10:01:02+00:00,British About Afghanistan â–ª Staring a mistake a good decision â–ª Inventible J Biden Trump Bush â–ª Our soldiers died no sense â–ª We do not make it not enough to save Afghan translators and their family VIA Daily Mail UK Afghanistan ,pl,0.175,0.275
prezydent  trump  o sytuacji w afganistanie   ,2021-08-18 09:55:44+00:00,President Trump about the situation in Afghanistan ,pl,0.0,0.0
brawo   trump ,2021-08-18 09:44:30+00:00,Bravo Trump ,pl,0.0,0.0
by Å‚y prezydent usa donald  trump  w ostrych sÅ‚owach oceniÅ‚ we wtorek sytuacjÄ™ w afganistan  twierdzÄ…c Å¼e ameryka  nigdy wczeÅ›niej nie zostaÅ‚a tak upokorzona trump  broniÅ‚ teÅ¼ zawartej przez niego umowy z talibami  talibowie   ,2021-08-18 09:30:00+00:00,"The US President Donald Trump in acute words assessed the situation in Afghanistan, claiming that America has never been so humiliated by TRUMP also defended the contract with the Taliban Taliban concluded ",pl,0.6,0.9
onet wiadomosci  onet wiadomosci  trump  powt Ã³rzyÅ‚ przy tym swoje nieudowodnione oskarÅ¼enia Å¼e ubiegÅ‚oroczne wybory prezydenckie zostaÅ‚y sfaÅ‚szowane a chiny  â€mogÅ‚y w tym pomÃ³c  nie mogÅ‚y pomÃ³c a pomogÅ‚y  napisaÅ‚am kiedyÅ› ,2021-08-18 09:22:30+00:00,"Onet Names Onet Messages Trump Burned with their unquestioned accusations that last year's presidential elections were faked and China ""could help in this could not help and helped I wrote once ",pl,0.0,0.06666666666666667
d trump  nasz  kraj nigdy nie zostaÅ‚ tak poniÅ¼ony jak w afganistanie  ,2021-08-18 09:10:17+00:00,D Trump Our Country has never been understood as in Afghanistan ,pl,0.0,0.0
 trump  jest nadal niebezpieczny dla demokratÃ³w talibowie  im nie zagraÅ¼ajÄ… media  sÅ‚uÅ¼Ä… tylko partiom ktÃ³re popierajÄ…,2021-08-18 08:45:34+00:00,Trump is still dangerous for Democrats Taliban them do not threaten the media only serve parties that support ,pl,-0.3,0.95
 kgawkowski  lewica  w sygna Å‚ydnia  radiowa jedynka  afganistan  to poraÅ¼ka  interwencji ktÃ³ra byÅ‚a od poczÄ…tku skazana na poraÅ¼kÄ™ z talibami  prezydent  trump  ktÃ³ry podjÄ…Å‚ decyzjÄ™ o wycofaniu wojsk musiaÅ‚ mieÄ‡ dane o tym Å¼e afga Å„czycy nie bÄ™dÄ… broniÄ‡ demokracji,2021-08-18 06:22:57+00:00,KGAWKOWSKOWSKOWSKI LEFT IN THE SIGNIGHT RADIO Jedynka Afghanistan is a failure to intervene which was convicted to the defeat of the Taliban President Trump who made the decision to withdraw the troops had to have data that AFGA will not defend democracy ,pl,-0.15833333333333335,0.15
kgawkowski  w sygna Å‚ydnia  w radiowa jedynka  afganistan  to poraÅ¼ka  interwencji ktÃ³ra byÅ‚a od poczÄ…tku skazana na poraÅ¼kÄ™ z talibami  prezydent  trump  ktÃ³ry podjÄ…Å‚ decyzjÄ™ o wycofaniu wojsk musiaÅ‚ mieÄ‡ dane o tym Å¼e afga Å„czycy nie bÄ™dÄ… broniÄ‡ demokracji,2021-08-18 06:18:31+00:00,KGawkowski in the tentival in Radio Jedynka Afghanistan is a defeat of intervention which was sentenced to defeat with the Taliban President Trump who made the decision to withdraw the troops had to have data that AFGA will not defend democracy ,pl,0.0,0.0
donald  trump  to  najwiÄ™ksze upokorzenie w historii usa afganistan    ,2021-08-18 05:47:05+00:00,Donald Trump is the biggest humiliation in the history of USA Afghanistan ,pl,0.0,0.0
nasz  kraj nigdy nie zostaÅ‚ tak upokorzony donald   trump  ponownie zabraÅ‚ gÅ‚os ws sytuacji w afganistanie   ,2021-08-18 05:14:27+00:00,Our country has never been so humiliated Donald Trump again took the floor as a situation in Afghanistan ,pl,0.0,0.0
trump  nasz  kraj nigdy nie zostaÅ‚ tak poniÅ¼ony jak w afganistanie  ,2021-08-18 05:00:02+00:00,Trump Our Country has never been so degraded as in Afghanistan ,pl,0.0,0.0
by Å‚y prezydent usa donald  trump  w ostrych sÅ‚owach oceniÅ‚ we wtorek sytuacjÄ™ w afganistanie  twierdzÄ…c Å¼e ameryka  nigdy wczeÅ›niej nie zostaÅ‚a tak upokorzona  ,2021-08-18 03:19:51+00:00,"Former US President Donald Trump, in acute words, assessed the situation in Afghanistan, claiming that America had never been so humiliated before ",pl,0.3,0.45
ameryka  nigdy wczeÅ›niej nie zostaÅ‚a tak upokorzona   w taki sposÃ³b byÅ‚y prezydent usa donald  trump  skomentowaÅ‚ w telewizji fox  news  sytuacjÄ™ w afganistanie  trump  broniÅ‚ teÅ¼ zawartej przez niego umowy z talibami,2021-08-18 02:59:09+00:00,America has never been so humiliated in such a way a former US President Donald Trump commented on Fox News on Television. The situation in Afghanistan Trump also defended the contract concluded by him with the Taliban ,pl,0.0,0.25
talibans  zaorali feministki wszystkie albo gryzÄ… piach albo popierdalajÄ… w burkach przy garach zaorali zachÃ³d z jego â€wolnoÅ›ciÄ… sÅ‚owa w wykonaniu pejsbuka facebook  majÄ… swojego rzecznika na twitter  czego zabraniajÄ… w usa nawet trump  ğŸ¤£ allah  akbar i do przodu inshallah,2021-08-17 23:29:36+00:00,"Talibans plowed feminists all or bite sand or fucking in Burki at the garach plowed the west with his ""freedom of word performed by Pejsbuk Facebook have his spokesperson on Twitter what they prohibit in the US even Trump ğŸ¤£ Allah Akbar and forward Inshallah ",pl,-0.6,0.8
stefan beck  tash witk  st zerko  to  ja doÅ‚oÅ¼Ä™ pytanie od siebie czy trump  byÅ‚ za wycofaniem amerykaÅ„skich Å¼oÅ‚nierzy czy trump  mÃ³wiÅ‚ Å¼e jest za wycofaniem amerykaÅ„skich Å¼oÅ‚nierzy ğŸ¤” i jeszcze jedno czy silny wÃ³dz musi przestrzegaÄ‡ porozumieÅ„ podpisanych przez swojego poprzednika ğŸ¤”,2021-08-17 19:06:19+00:00,Stefan Beck Tash Witk St zanko I will get a question from myself if Trump was behind the withdrawal of American soldiers or Trump said that he is behind the withdrawal of American soldiers ğŸ¤” and one more or another or strong leader must comply with the agreements signed by his predecessor ğŸ¤” ,pl,0.02222222222222221,0.4388888888888889
trump  afghanistan   jack posobiec  ,2021-08-17 15:54:36+00:00,trump  afghanistan   jack posobiec ,pl,0.0,0.0
ron filipkowski  maga gop trump ,2021-08-17 15:44:32+00:00,Ron Filipkowski itself GOP Trump ,pl,0.0,0.0
malpawzielonym zablokowali  skutecznie trump  na tweeter,2021-08-17 13:43:53+00:00,Green MaÅ‚pa blocked the Trump on Twitter effectively ,pl,0.19999999999999998,0.55
ca Å‚a prawda o trump  i afganistanie  warto  podsyÅ‚aÄ‡ prawakom ktÃ³rzy jadÄ… po bidenie  Å¼e zrobiÅ‚ bÅ‚Ä…d   biden disaster  trump  ,2021-08-17 07:02:29+00:00,The whole truth about Trump and Afghanistan is worth sending the rights who are going after the bending that he made a Biden Disaster Trump error ,pl,0.25,0.25
w radyjku hamerykaÅ„skim o tym Å¼e za obecny pierdonik w afghanishtan  odpowiada trump  i ze cala sprawa jest bardzo kamplikejtyd  to  tak jak w pl za wszystko de facto odpowiada naczelnik  za  wszystko co zÅ‚e za  dobre rzeczy jar kacz  juÅ¼ nie odpowiada logika statystyka ,2021-08-17 05:55:39+00:00,"In Hamerican Radyku, that for the current pierdonik in Afghanishtan, the trump and that the whole thing is very camplice-like it is just like in PL for everything de facto answers the head for everything bad for good things Jar Kacz no longer corresponds to the logic statistics ",pl,0.08000000000000003,0.47333333333333333
takie  pytanie do biden  gdzie  ta obiecana kontynuacja polityki ktÃ³rÄ… prowadziÅ‚ trump,2021-08-16 21:38:06+00:00,Such a question to Biden where this promised continuation of the politician he led Trump ,pl,0.0,0.5
je Å›li to przemÃ³wienie bidena  byÅ‚o przemÃ³wieniem lidera Å›wiatowego mocarstwa tonie jest dobrze a oczami wyobraÅºni widzÄ™ reakcjÄ™ Å›wiatowych ale i polskich mediÃ³w gdyby takie decyzje podejmowaÅ‚ trump  afganistan  taliban  kabul ,2021-08-16 20:24:38+00:00,"If this speech was a speech of a speech of the leader of the global powers, it is good and the eyes of the imagination I see the reaction of global but also Polish media if such decisions made Trump Afghanistan Taliban Kabul ",pl,0.175,0.275
co Å› do poczytania dla prawakÃ³w krytykujÄ…cych bidena  w sprawie afganistan   to  wasz pupilek trump  do tego doprowadziÅ‚ ,2021-08-16 20:16:50+00:00,What to read for the demands criticizing Biden on Afghanistan are your trump pupils for this ,pl,0.0,0.0
potus przemawia  stany  zjednoczone  przestaÅ‚y byÄ‡ wÅ‚aÅ›nie potÄ™gÄ…  teraz  bÄ™dÄ… wspieraÄ‡ imigrantÃ³w i lgbtq a wszystkie podÅ‚oÅ›ci zrzucaÄ‡ na trump   nadchodzi ciÄ™Å¼ki czas dla polski  ,2021-08-16 20:15:03+00:00,Potus speaks United States ceased to be a power now will support immigrants and LGBTQ and all the actions to throw on Trump is coming hard time for Poland ,pl,-0.2916666666666667,0.5416666666666666
trump    a biden  on    toczy wojnÄ™ z samym sobÄ… ,2021-08-16 18:45:42+00:00,Trump and Biden He rolls a war with himself ,pl,0.0,0.0
minela   narracja  opozycji w polsce  wina pi s  w usa wina trump   kompletne wariactwo,2021-08-16 18:43:12+00:00,Minela Narration of the opposition in Poland Wine Pi S in US Wine Trump Complete criminality ,pl,0.1,0.4
jest  paÅºdziernik  roku donald  trump  skutecznie wnioskuje o uwolnienie muÅ‚Å‚y abdula  ghaniego  baradara  z pakistaÅ„skiego wiÄ™zienia w lutym  r muÅ‚Å‚a baradar  podpisuje w imieniu talibÃ³w porozumienie na mocy ktÃ³rego siÅ‚y usa majÄ… wycofaÄ‡ siÄ™ z afganistanu  ,2021-08-16 18:43:08+00:00,He is October of Donald Trump effectively requests for the release of Mulam Abduland Ghani Baradar from the Pakistani prison in February R MuÅ‚ah Baradar signs an agreement on behalf of the Taliban under which US forces are to withdraw from Afghanistan ,pl,0.6,0.8
wiem  Å¼e skala nie ta ale prezydent kraju to jednak prezydent patrz Ä™ na poczynania biden  i nie mogÄ™ siÄ™ nadziwiÄ‡ Å¼e myÅ›my na komorowskiego  narzekali co  siÄ™ zaÅ› tyczy usa to wielu siÄ™ trump  nie podobaÅ‚   mo Å¼ecie hejtowaÄ‡ bior Ä™ to na klatÄ™  afganistan ,2021-08-16 18:37:32+00:00,"I know that the scale is not this but the president of the country, however, the president see the actions of Biden and I can not amaze that we were on Komorowski complained about what the US is a lot of trump, you did not like to hate I'm at the Afghanistan chest ",pl,-0.55,0.55
ta  babina w czerwonym to z baru mlecznego czy knajpy dworcowej biden  niewinny wina trump  ,2021-08-16 18:30:37+00:00,This bubble in red is from a milk bar or a two-hour pub and a biden innocent trump wine ,pl,0.25,0.35
minela  wg   mÄ…drej inaczej lenartowicz  sytuacja w afganistan  to wina trump  i pjk,2021-08-16 18:27:29+00:00,"Minela According to a wise differently, Lenartowicz. The situation in Afghanistan is the trump and pjk wine ",pl,0.35,0.75
 tyle  Å¼e to akurat dostaÅ‚ w spadku po trump   takie  kukuÅ‚cze jajko ğŸ¤·â€â™‚,2021-08-16 18:19:14+00:00,Only that it just got such a cuckoo egg in a drop after Trump ğŸ¤·â™‚ ,pl,0.0,0.75
po  tym jak trump  zostawiÅ‚ kurd Ã³w na Å‚askÄ™ erdogana  a teraz biden  afganczyk Ã³w na talib Ã³w wniosek moÅ¼e byÄ‡ tylko jeden amerykanie  to ostatnie szmaty ktÃ³rych mocarstwowy wizeronek to mit to  gnoje bÄ™dÄ…cy w stanie zdradziÄ‡ kaÅ¼dego,2021-08-16 17:58:55+00:00,After TRUMP left Kurd to the grace of Erdogan and now Biden Afgangle on Talib this application can only be one Americans are the last rags that the powers of wizonek is a mit to charming everyone ,pl,0.175,0.5166666666666666
tvpinfo brat wodza  cnn i lewacke media obroniÄ…  wszystko  zwala na trump ,2021-08-16 17:50:04+00:00,TVP Info Brother Wodza CNN and LEWACKIE DEMORY MEDIA Everything collapsed on Trump ,pl,0.0,0.0
morawiecki m doskonale wiedziaÅ‚ o decyzji trump  w sprawie wycofania wojsk z afganistanu i doskonale wie Å¼e na wyciagniÄ™cie ich z af aganistanu teraz jest juÅ¼ za pÃ³Åºnoale  czego spodzewaÄ‡ siÄ™ po kÅ‚amcy i teraz zdrajcyâ˜ğŸ¤“,2021-08-16 17:02:59+00:00,Morawiecki M wonderfully knew about Trump's decision on the withdrawal of troops from Afghanistan and knows perfectly well that to draw them from AF Aganistan now it is too late what to come to a liar and now traitors ,pl,0.5666666666666667,0.8666666666666667
occtvp  mkaluzny u jacekleski donald  trump  byÅ‚ silnym mocnym przywÃ³dcÄ… politycy  w polsce  tylko dlatego przeÅ›cigali siÄ™ we wszystkich mediach w krytyce trumpa  bo miaÅ‚ konserwatywne poglÄ…dy donald  trump  utrzymywaÅ‚ na Å›wiecie pokÃ³j ,2021-08-16 16:34:00+00:00,OCCTVP Mkalunny u Jacelski Donald Trump was a strong strong leader of politicians in Poland only because they took part in all media in the critic of Trump because he had the conservative views of Donald Trump maintained the world ,pl,0.28888888888888886,0.8222222222222223
dla  niedoinformowanych to trump podjÄ…Å‚ decyzjÄ™ o wycofaniu wojsk z af ganistanuâ˜ğŸ¤“ ,2021-08-16 16:28:35+00:00,For uninformed this Trump decided to withdraw troops from AF Ganistanuâ˜ğŸ¤“ ,pl,0.0,0.0
oco chodzi  mkaluzny u jacekleski donald  trump  byÅ‚ silnym mocnym przywÃ³dcÄ… politycy  w polsce  tylko dlatego przeÅ›cigali siÄ™ we wszystkich mediach w krytyce trumpa  bo miaÅ‚ konserwatywne poglÄ…dy donald  trump  utrzymywaÅ‚ na Å›wiecie pokÃ³j ,2021-08-16 16:13:37+00:00,"OCO WE WITH JACKELSKI DONALD TRUMP was a strong strong politician leader in Poland, which is why they took part in all media in the critic of Trump because he had the conservative views of Donald Trump maintained the world ",pl,0.4333333333333333,0.7333333333333333
jeszcze  niedawno stary debil trump wycofaÅ‚ wojska z syrii  a tam Å‚by potem poobcinano sojusznikom kurdyjskimku  uciesze kremlaâ˜ğŸ¤“ ,2021-08-16 15:57:31+00:00,"Until recently, the old Debil Trump withdrew the army from Syria and there the heads were then abblemented Kurdish allies to delight Kremlin ",pl,0.05,0.225
gdy  rzÄ…dziÅ‚ w usa donald  trump  to byÅ‚ spokÃ³j na swiecie dlatego Å¼e ma chÅ‚op jaja nie to co jego nastÄ™pca podobnie  u nas tyleÅ¼e u nas odwrotnie nasz donald  jaj nie ma,2021-08-16 14:56:56+00:00,"When he ruled in the US Donald Trump, it was peace in the world because he has a peasant egg not what his successor is similar to us with us, in the opposite of our donald eggs ",pl,0.0,0.2
donald  powinien wrÃ³ciÄ‡ ale  nie tusk  a trump   afghanistan ,2021-08-16 14:47:57+00:00,Donald should come back but not Tusk a Trump Afghanistan ,pl,0.0,0.0
donald  trump  o prawdziwym obliczu mafii Å¼ydowskiej w usa i jej roli we wspÃ³Å‚czesnym Å›wiecie film z tÅ‚umaczeniem  en donald  trump  on the true face of the jewish  mafia  in the us and its role in the modern world ,2021-08-16 13:27:26+00:00,Donald Trump about the real face of the Jewish Mafia in the US and its role in the modern world video with the translation en Donald Trump on the true face of the jewish mafia in the US and ITS role in the modern world ,pl,0.15833333333333333,0.25833333333333336
 to  nie jest prezydent  stan Ã³w zjednoczonych  to  jest prezydent  korporacji  zjednoczonych   usa usamateur  biden  biden out  biden is alaughingstock  usaf afghanistan  afganistan  afghanishtan  talibans  talibowie taliban trump  trump  polski Å‚ad polityka pi s kukiz ,2021-08-16 13:15:02+00:00,"This is not the President of the United States, this is the President of the United States USAmateur Biden Biden Out Biden Is Alaughingstock USAF AFGHANISTAN AFGHANISTAN AFGHANISHTAN TALIBANS TALIBAN TALBAN TRUMP TRUMP POLISH POLICY PIE S KUKIZ ",pl,0.0,0.0
â€getting  out of afganistan  is a wonderful and positive thing to do  â€wyj Å›cie z afganistanu  to wspaniaÅ‚a i pozytywna rzecz ktÃ³rÄ… trzeba zrobiÄ‡  donald  trump   afganistan  trump  ,2021-08-16 13:11:21+00:00,"""Getting out of Afghanistan is a wonderful and positive thing to"" Excellent from Afghanistan is a great and positive thing you need to do Donald Trump Afghanistan Trump ",pl,0.6509090909090909,0.7681818181818182
rafal bochenek  potus joe biden  ale  to trump  ich wycofaÅ‚ mniej  prognoz pogody a wiÄ™cej lektury gazet,2021-08-16 11:27:13+00:00,Rafal Bochenek Potus Joe Biden But this trump withdrew less weather forecasts and more reading newspapers ,pl,0.16666666666666669,0.2833333333333333
lewactwo  jacek czarnecki  aneta patrycja  tak  trump  afghanistan ,2021-08-16 10:37:26+00:00,Lewacja Jacek Czarnecki Aneta Patrycja Yes Trump Afghanistan ,pl,0.0,0.0
onet wiadomosci  decyzja  trump  to katastrofa dla ludzi z afganistan ,2021-08-16 10:36:43+00:00,Onet Messages Decision Trump is a disaster for people from Afghanistan ,pl,0.0,0.0
â€wolno Å›Ä‡ mediÃ³w spoÅ‚ecznoÅ›ciowych  standardy wsch zachodu  wolnosc trump  afganistan  ,2021-08-16 09:40:36+00:00,"""Freedom of social media standards of WSC West Freedility Trump Afghanistan ",pl,0.03333333333333333,0.06666666666666667
trump  wzywa bidena  do ustÄ…pienia z urzÄ™du ha Å„ba  ,2021-08-16 09:11:05+00:00,Trump calls Biden to resign from the Ha-Hary ,pl,0.0,0.0
kiraale tak  tylko proszÄ™ spojrzeÄ‡ co uzgodniÅ‚ trump  a co zostaÅ‚o wdroÅ¼one przez sleepy joe  the  agreement  for bringing  peace  to afghanistan  podpisany w lutym  zawieraÅ‚ uzgodnienia z talibami  ktÃ³re nowy prezydent  zÅ‚amaÅ‚,2021-08-16 05:45:37+00:00,Kiraale just look at what Agreed Trump and what has been implemented by Sleepy Joe The Agreement for Bringing Peace to Afghanistan signed in February contained arrangements with the Taliban which the new president broke ,pl,0.13636363636363635,0.45454545454545453
 lutego  trump  podpisuje porozumienie z talibami  gdzie min ustalono wycofywanie sie wojsk intencje  trumpa  byÅ‚y jasne  reelekcja  tymczasem  dzis trump  czas  by biden  zrezygnowaÅ‚  za dopuszczenie do tego co staÅ‚o siÄ™ w afganistanie   ğŸ¤¦â€â™€,2021-08-16 05:31:44+00:00,February Trump signs an agreement with the Taliban where the mines were set to withdrawing trumps. The intentions of Trump was clearly reelecommunication. Meanwhile ,pl,0.10000000000000002,0.3833333333333333
trump  joe biden  powinien odejÅ›Ä‡ z urzÄ™du ha Å„ba w afganistanie     ,2021-08-16 03:21:32+00:00,Trump Joe Biden should leave HaÅ„ba in Afghanistan ,pl,0.0,0.0
donald  trump  ktÃ³ry zainicjowaÅ‚ wycofanie wojsk amerykaÅ„skich uwolniÅ‚ przywÃ³dcÄ™ talibÃ³w ktÃ³ry przejÄ…Å‚ dziÅ› wÅ‚adzÄ™  wzywa joe  bidena  do rezygnacji â€w haÅ„bie za to na co pozwoliÅ‚ siÄ™ wydarzyÄ‡ w afganistanie   komunikat prasowy stany zjednoczone  kabul ,2021-08-15 22:24:48+00:00,"Donald Trump who initiated the withdrawal of American troops released the Taliban leader who took over the power today calls Joe Biden to resigne ""in HaÅ„ba for what he let himself be able to happen in Afghanistan. Press release United States Kabul ",pl,0.25,0.3125
cudowne   konto donalda  trumpa  zablokowane a rzecznik talib Ã³w aktywny na twitterze  Å›wiat staje do gÃ³ry nogami na naszych oczach kabul  talib  afghanistan  ,2021-08-15 19:42:40+00:00,Miraculous account Donald Trumpa blocked and the Ombudsman for Talib that active on Twitter The world becomes upside down on our eyes Kabul Talib Afghanistan ,pl,-0.14444444444444446,0.4444444444444444
pauline majczak  andrzej dziadowi  tak  siÄ™ dzieje bo amerykanie  wybrali niedoÅ‚Ä™Å¼nego starca na prezydenta joe biden  ten  wybÃ³r skoÅ„czy siÄ™ niestabilnoÅ›ciÄ… politycznÄ… na Å›wiecie my Å›lÄ™ Å¼e trump  by do tego nie dopuÅ›ciÅ‚ a tak w bia Å‚ym domu  siedzÄ… ignoranci,2021-08-15 19:16:41+00:00,Pauline Majczak Andrzej Dziadowy this is happening because the Americans chose the infirm older for President Joe Biden This choice will end up political instability in the world we do that Trump would not allow this in the white house to sit ignorants ,pl,0.05555555555555555,0.14444444444444446
sikorskiradek joe biden  a kto jak nie  trump  zadecydowaÅ‚ o wycofaniu wojsk amerykaÅ„skich z afganistanu  znowu  siÄ™ pan  czepia joe biden ,2021-08-15 18:59:02+00:00,"SikorskiRadek Joe Biden and who, as not Trump, decided to withdraw American troops from Afghanistan. You are clinging to Joe Biden again ",pl,0.0,0.0
wybory  przegrane ale tam siÄ™ dzieje  trump   ,2021-08-15 17:45:27+00:00,Choices lost but there is a trump ,pl,0.0,0.0
to  prezydent  trump  podjÄ…Å‚ decyzjÄ™ o wycofaniu armii z afganistanu   stop fake news  fake news pi s ,2021-08-15 17:15:09+00:00,This President Trump decided to withdraw army from Afghanistan Stop Fake News Fake News Pi S ,pl,-0.5,1.0
jedz Ä… pijÄ… lulki palÄ… taÅ„ce  hulanki swawole   taliban  biden  trump  afghanishtan  kabul  ,2021-08-15 16:24:59+00:00,They drink a tablespoons that burn the dances swavole taliban biden trump afghanishtan kabul ,pl,0.0,0.0
nastepny leki odstawil pis zdrajcy polska taliban izrael duda trump anzej ,2021-08-15 15:33:11+00:00,The next drugs left PiS Traaters Poland Taliban Israel Duda Trump Anzej ,pl,0.0,0.0
min Ä…Å‚  sierpnia czy  trump  wrÃ³ciÅ‚ na stolec waszyngtoÅ„ski dla  zapÅ‚akanego debila pytam,2021-08-15 14:55:15+00:00,a few of August or Trump returned to Washington's stool for a tearful debil ,pl,-0.2,0.1
ps i na koniec afganistan  zostaÅ‚ juÅ¼ dawno oddany przez demokratÃ³w trump  niewiele mÃ³gÅ‚ zrobiÄ‡ china  vs biden   trump  ,2021-08-15 13:29:44+00:00,"PS and at the end, Afghanistan has already been devoted by Democrats Trump, he could not do much money vs Biden Trump ",pl,0.2,0.2
zacne  trendy przy niedzieli taliban   trump  ,2021-08-15 13:06:03+00:00,Zacne Trends at Sunday Taliban Trump ,pl,0.0,0.0
to  nie biden  a trump negocjowaÅ‚ z talibami wyjÅ›cie z afganistanu  wiÄ™c odwalcie siÄ™ od bidena ,2021-08-15 12:37:30+00:00,"This is not a biden and Trump has negotiated with the Taliban out of Afghanistan, so you can zoom from Biden ",pl,0.0,0.0
doyouwatchedtheseseries andrzej duda  trump  Å¼ydzi iraku  fantomasa  dudy  cyma Å„ski amerykanie  zach Ã³d ,2021-08-15 12:23:56+00:00,DoyouWatchedthesseseries Andrzej Duda Trump Jews Iraq Fantomasa Dudy Cyma JoÅ„ski Americans Zachowy ,pl,0.0,0.0
doyouwatchedtheseseries andrzej duda  trump  Å¼ydzi iraku  fantomasa  dudy  cyma Å„ski amerykanie  zach Ã³d ,2021-08-15 12:23:37+00:00,DoyouWatchedthesseseries Andrzej Duda Trump Jews Iraq Fantomasa Dudy Cyma JoÅ„ski Americans Zachowy ,pl,0.0,0.0
doyouwatchedtheseseries andrzej duda  trump  Å¼ydzi ojczyzny  dudy  bidena  fantomasa  widchr australii  iraku  magierowski  ,2021-08-15 12:20:47+00:00,DoyouWatchedTheSeries Andrzej Duda Trump Jews Homeland Dudy Bidena Fantomas Widchr Australia Iraq Magierowski ,pl,0.0,0.0
chwa Å‚a bohaterom  to bÄ™dziemy mieÄ‡ jutro mieszankÄ™ afganistanu  z bia Å‚orusiÄ… w polsce  pieprzony  religijny patriotyzm doyouwatchedtheseseries andrzej duda  trump  Å¼ydzi ojczyzny  dudy  bidena  fantomasa  widchr australii  iraku  magierowski  chwa Å‚abohaterom  zach Ã³d talib Ã³w,2021-08-15 12:20:01+00:00,"Welcome to heroes, we will have a mixture of Afghanistan with white Å‚ussia in Poland. Fucking religious patriotism. Duda Trump. Jews. Fatherland. Dudy Bidena ",pl,0.26666666666666666,0.3833333333333333
talibowie  zdobyli kabul  w kolejnÄ… rocznicÄ™ wojska  polskiego  a duda  bÄ™dzie sobie wycieraÄ‡ mordÄ™ nazwiskiem przeÅ‚oÅ¼onego mojego pradziadka doyouwatchedtheseseries andrzej duda  trump  Å¼ydzi ojczyzny  dudy  bidena  fantomasa  widchr australii  iraku  magierowski ,2021-08-15 12:18:16+00:00,Taliban won Kabul on the next anniversary of the Polish army and Duda will wipe the murder of my przeddziadka DudyjouWatchedthesseseries Andrzej Duda Trump Jews the Homeland Dudy Bidena Fantomas Widchr Australia Iraq Magierowski ,pl,0.0,0.0
 decyzja  trump  podtrzymana przez biden   ciekawe co z tego wyniknie ,2021-08-15 11:44:48+00:00,Trump decision maintained by Biden interesting what will come of this ,pl,0.5,0.5
ksietczynski wezm Ä… pieniÄ…dze du Å¼e huge  jak mawia trump    na  razie zarobiÄ… na wzroÅ›cie cen mieszkaÅ„ w polsce  jak  zarabiajÄ… od  lat,2021-08-15 08:52:44+00:00,Ksiezyczynski will take a lot of money that Huge as a trump for now will earn on the increase in housing prices in Poland as earnings for years ,pl,0.4000000000000001,0.9
przypominam  decyzje o wycofaniu wojsk z afganistanu  wydaÅ‚ donald  trump  i to byÅ‚Ä… sÅ‚uszna decyzja dlatego teÅ¼  joe  biden  nie zmieniÅ‚ zdania trudno Å¼eby zawsze amerykanie  pilnowali porzÄ…dku w tym kraju afganistan  biden  trump   usa,2021-08-15 06:50:29+00:00,"I recall the decisions about the withdrawal of troops from Afghanistan issued Donald Trump and it was a nice decision, which is why Joe Biden did not change his mind difficult that Americans always watch the order in this country Afghanistan Biden Trump USA ",pl,0.04999999999999999,1.0
nie  kaÅ¼dy wie ale trump  mimo tego gÃ³wna seksizmu i caÅ‚ej kompromitacji trzymaÅ‚ wszystkich za jaja i jako przywÃ³dca byÅ‚ lepszy niÅ¼ obecny demokrata,2021-08-14 23:34:44+00:00,"Not everyone knows but Trump, despite this shit of sexism and the whole compromise he kept everyone behind the eggs and as a leader was better than the current democrat ",pl,0.019999999999999997,0.56
rafal wojcik  joe biden  cd wycofanie  wojak usa z afganistanu  przez joe biden  praktycznie wycofuje siÅ‚y natowskie  i wracamy do punktu wyjÅ›cia czyli do roku  do  terroru afganistan  sobie bez nato nie poradzi powt Ã³rka z historii musi  pojawiÄ‡ siÄ™ jakiÅ› trump  by rok  siÄ™ powtÃ³rzyÅ‚,2021-08-14 20:15:01+00:00,"Rafal Wojcik Joe Biden CD withdrawal USA from Afghanistan by Joe Biden practically withdraws Natowskie forces and return to the point of departure, i.e. up to the year to terror Afghanistan, without NATO, he can not advise the recent from the story to appear. A trump will be repeated ",pl,0.0,0.25
jack posobiec  started  by trump ,2021-08-14 17:36:12+00:00,jack posobiec  started  by trump ,pl,0.0,0.0
oczywi Å›cie w wieku  lat czÅ‚owiek ma tak zaawansowany poziom Å›wiadomoÅ›ci Å¼e moÅ¼e zdecydowaÄ‡ o zmianie pÅ‚ci dokÄ…d zmierzasz ameryko  trump wrÃ³Ä‡ ,2021-08-14 09:38:48+00:00,"Of course, at the age of the years, a man has such an advanced level of awareness that he can decide to change gender where you are going to America Trump. Back ",pl,0.13333333333333333,0.3666666666666667
no  tak sodomia  z gomoriÄ… w usa bidena  gdyby  to byÅ‚ trump  to by tego nie byÅ‚o ,2021-08-13 19:08:53+00:00,"Well, Sodomy with Gomory in the USA Bidena if it was a trump that would not be ",pl,0.0,0.0
bweglarczyk za   lata jak trump  wrÃ³ci,2021-08-13 15:49:25+00:00,Bweglarczyk for years like Trump will come back ,pl,0.0,0.0
mo Å¼emy oczywiÅ›cie rozwaÅ¼aÄ‡ co by byÅ‚y gdyby i czy trump  w kolejnej kadencji zdecydowaÅ‚by siÄ™ jednak na zawieszenie wycofania siÅ‚ amerykaÅ„skich widzÄ…c ofensywÄ™ talib Ã³w dla  mnie nie ulega wÄ…tpliwoÅ›ci Å¼e obie administracje ponoszÄ… jednakowÄ… odpowiedzialnoÅ›Ä‡ za tÄ™ katastrofÄ™,2021-08-13 15:17:50+00:00,"Of course, we could consider what they would have been if and whether Trump in the next term would have decided to suspend the withdrawal of American forces seeing the offensive of the Talib that does not doubt that both administrations bear the same responsibility for this catastrophe ",pl,0.0,0.041666666666666664
cnn cnnpolitics  cnni cnnbrk acosta  msnbc maddow  diego    kpixtv  wpix wgnnews    nbcphiladelphia  kvalnews  kobitv  ktlanewsdesk  cbsmiami    trump  ,2021-08-13 01:57:10+00:00,CNN CNNPOLITICS CNNI CNNBRK ACOSTA MSNBC MADDOW DIEGO KPIX TV Wpix WGN News NBCPHILADELPHIA KÃ¶rnnews Kobitv Ktlanewsdesk CBS Miami Trump ,pl,0.0,0.0
schwarzenegger   gop trump  lw c fox news  ,2021-08-12 23:41:38+00:00,schwarzenegger   gop trump  lw c fox news ,pl,0.0,0.0
ron filipkowski  trump  ,2021-08-12 22:27:17+00:00,Ron Filipkowski Trump. ,pl,0.0,0.0
cyber symposium   trump  won ,2021-08-12 21:09:19+00:00,cyber symposium   trump  won ,pl,0.0,0.0
forsuj Ä…c interesy jednej z firm  waszyngton  psuje relacje z polsk Ä… â—â—â— taki  komentarz w wiadomosci tvp na oÅ›wiadczenie sekretarza  stanu  usa  oni   paÅ„stwopi s  wciÄ…Å¼ wierzÄ… w powrÃ³t trump  dociskaj Ä…c  lex tvn prÃ³bujÄ… podwaÅ¼yÄ‡ autorytet biden ,2021-08-12 17:49:43+00:00,"Forcing the interests of one of the companies Washington spoils the relationship with Poland â—â—â— such a comment on the TVP message to the statement of the Secretary of State USA, they will still believe in the return of Trump by pressing Lex TVN try to undermine the Biden authority ",pl,0.0,0.5
na  marginesie amerykaÅ„ska liberalna telewizja z walnÄ… pomocÄ… late night shows wyhodowaÅ‚a sobie trumpa  tvn wyhodowaÅ‚ sobie kukiza  najwy Å¼szy czas na refleksjÄ™ o odpowiedzialnoÅ›ci mediÃ³w  lextvn kukiz  trump  infotainment media,2021-08-12 13:59:00+00:00,"By the way, American Liberal Television with the Watch Late Night Shows bred TRUMPA TVN bred Kukiza the highest time for reflection on media responsibility LEXTVN Kukiz Trump Infotainment Media ",pl,-0.15,0.3
minela  andruszkiewicz  przecieÅ¼ o tych zagroÅ¼eniach mÃ³wiÅ‚ mikepompeo przyjaciel trump   by Å‚y szef cia i byÅ‚y sekretarz state dept  takÅ¼e nie opowiadaj bzdur Å¼e usamb poland  nic nie zrobi ws lextvn,2021-08-12 06:53:00+00:00,"Minela Andruszkiewicz, after all, about these threats said Mikepompeo Friend Trump to have the choss of the CIA and the former secretary State Dept also do not tell nonsense that usamb Poland will not make WS LEXTVN ",pl,0.0,0.0
 usa bÄ™dÄ… z niego skrzÄ™tnie korzystaÄ‡ aby tylko otwarcie nie przyznaÄ‡ Å¼e bez lextvn sytuacja polska  byÅ‚aby taka sama Å›pieszÄ™ zwolennikom pisorgpl i trump  z odpowiedziÄ… tak  za trumpa  teÅ¼ byÅ‚oby identycznie te Å¼ byÅ‚by nord stream ,2021-08-12 04:00:38+00:00,The US will exile from it to only openly not to admit that without LEXTVN Situation Polska would be the same I am in a hurry supporters of Pisorgpl and Trump with the answer so for Trump also would be the same to be Nord Stream. ,pl,0.0,0.4375
maga trump  zeoliarmy  ,2021-08-11 16:51:03+00:00,You're Trump ZeoliaMy ,pl,0.0,0.0
now  do trump  you nitwit  ,2021-08-10 21:35:25+00:00,now  do trump  you nitwit ,pl,0.0,0.0
kjpiorkowska  gospodarka  roÅ›nie to  wiatr dla the democrats    natomiast  w gop tylko trump  i bezkrÃ³lewie,2021-08-10 16:43:23+00:00,Kjpiorkowska Economy grows this wind for The Democrats while in GOP only trump and not very ,pl,-0.05,0.65
tik tok  znÃ³w najpopularniejszy  tik tok  facebook  instagram  trump    ,2021-08-10 14:04:00+00:00,tik tok again the most popular Tik Tok Facebook Instagram Trump ,pl,0.55,0.7
conspiracy rudygiuliani trumpdo j   ,2021-08-10 02:20:47+00:00,conspiracy rudygiuliani trumpdo j ,pl,0.0,0.0
now  do trump ,2021-08-09 23:40:52+00:00,now  do trump ,pl,0.0,0.0
abc now  do trump ,2021-08-09 21:19:09+00:00,abc now  do trump ,pl,0.0,0.0
minister  obrony z niemcy  obwinia trumpa  za sytuacjÄ™ w afganistanie    ,2021-08-09 12:49:34+00:00,Minister of Defense from Germany blaming Trump for the situation in Afghanistan ,pl,0.0,0.0
trump  nwo ,2021-08-08 19:00:07+00:00,trump  nwo ,pl,0.0,0.0
 inna  rzecz Å¼e olga ewa semeniuk   wroga wobec ue kochajÄ…ca trump a i rosja  â€” byÅ‚a od poczÄ…tku prowokacjÄ… pi sorg pl wobec jaroslaw gowin   ,2021-08-08 17:45:38+00:00,Another thing that Olga Ewa Semeniuk enemy against the EU loving Trump A and Russia - was a provocation of Pi Sorg en to Jaroslaw Gowin from the beginning ,pl,0.6,0.95
dÅ‚ugi reportaÅ¼ the  new  yorker  o wielkich pieniÄ…dzach jakie kryjÄ… siÄ™ za kÅ‚amstwami donalda  trumpa  o oszustwach wyborczych   trump  big lie  ,2021-08-07 08:08:08+00:00,A long reportage The New Yorker about great money that hide behind the lies of Donald Trump on electoral fraud Trump Big Lie ,pl,0.09727272727272726,0.48090909090909095
nytopinion now do trump  ,2021-08-07 01:58:11+00:00,nytopinion now do trump ,pl,0.0,0.0
tomaszjakub wgrynko  lkwarzecha trump  teÅ¼ ue teÅ¼ rzÄ…d teÅ¼  opozycja teÅ¼ rozmawiajmy  o szansach moÅ¼liwoÅ›ciach dla polskich przedsiÄ™biorstw a nie o kolejnej ideologii  ,2021-08-06 10:33:32+00:00,tomaszjakub ugrynko lkwarzecha trump also an EU also a government also opposition also talk about opportunities opportunities for Polish enterprises and not about further ideology ,pl,0.0,0.5
lkwarzecha dowodzi  tego Å¼e lider mocarstwa Å›wiatowego widzi przyszÅ‚oÅ›Ä‡ w samochodach elektrycznych podobnie jak jego poprzednik trump  dlaczego  pan  widzi ideologiÄ™ tam gdzie politycy widzÄ… szansÄ™   sÄ… np opracowania dotyczÄ…ce kosztÃ³w takich aut ktÃ³rych pan  nie przywoÅ‚uje rbajczuk  ,2021-08-06 10:29:20+00:00,"Lkwarzecha proves that the leader of world powers sees the future in electric cars, like his predecessor Trump. Why do you see the ideology where politicians see the chance, for example, development about the costs of such cars whom you do not recall Rbajczuk ",pl,0.09999999999999999,0.20833333333333334
by Å‚y prezydent usa donald  trump  zaskarÅ¼yÅ‚ w sÄ…dzie jako pozbawionÄ… podstaw prawnych decyzjÄ™ resortu sprawiedliwoÅ›ci uznajÄ…cÄ… Å¼e amerykaÅ„ski fiskus musi przekazaÄ‡ dane podatkowe byÅ‚ego szefa paÅ„stwa kongresowi  ktÃ³ry o to zabiega  wi Ä™cej na paradyzja  ,2021-08-05 12:02:55+00:00,"US President Donald Trump appealed to the Court as deprived of legal basis, the decision of the location of justice recognizing that the American fiscus must provide tax data for the former head of a Congress who treatments to paradise ",pl,0.06666666666666667,0.06666666666666667
jack posobiec  trump ,2021-08-04 18:29:06+00:00,jack posobiec  trump ,pl,0.0,0.0
trump jew  trump ,2021-08-04 06:17:46+00:00,trump jew  trump ,pl,0.0,0.0
trump jew  trump ,2021-08-04 06:17:11+00:00,trump jew  trump ,pl,0.0,0.0
jack posobiec  trump ,2021-08-04 06:16:14+00:00,jack posobiec  trump ,pl,0.0,0.0
now  go get trump ,2021-08-03 22:23:37+00:00,now  go get trump ,pl,0.0,0.0
now  do trump ,2021-08-03 20:54:50+00:00,now  do trump ,pl,0.0,0.0
msnbc now  do trump ,2021-08-03 15:39:36+00:00,msnbc now  do trump ,pl,0.0,0.0
snowden  go trump  ,2021-08-02 23:03:19+00:00,snowden  go trump ,pl,0.0,0.0
raport  z polski  donald  trump  wydostaÅ‚ siÄ™ z obozu republikan Ã³w  wirus  wuhan  gop chiny  trump  usa ,2021-08-02 08:04:19+00:00,Report from Poland Donald Trump escaped from the Republican Camp Wuhan Gop China Trump USA ,pl,0.0,0.0
najwi Ä™kszy sojusznik trump  â€ša oczywiÅ›cie ze polska  â¤ğŸ§ ,2021-08-02 00:48:28+00:00,"The largest Sovie Trump, and of course from Poland â¤ğŸ§ ",pl,0.0,0.0
a wiecie po co te wszystkie farmazony o sfaÅ‚szowanych wyborach wÅ‚aÅ›nie po to w pierwszej poÅ‚owie  roku trump  zebraÅ‚ ponad  mln usd  former  us president  donald  trump  raised more than  mln usd in first six months of  washingtonpost  ,2021-08-01 15:09:00+00:00,And you know why all these pharmacones on fake choices just in the first half of the year TROMP gathered over Mln USD Former US President Donald Trump Raised more than USD in First Six Months of WashingtonPost ,pl,0.05555555555555556,0.3888888888888889
gdyby  trump  postÄ…piÅ‚ ws nord stream  jak biden  to wszyscy by mÃ³wili Å¼e siedzi w kieszeni putina   uwaÅ¼a byÅ‚y szef duÅ„skiego msz  ,2021-08-01 14:00:02+00:00,"if Trump acted on Nord Stream as Biden, everyone would say that he was sitting in Putin's pocket, considered the head of the Danish Ministry of Foreign Affairs ",pl,-0.125,0.125
dzisiaj  powiem sÅ‚usznie bardzo dobrze Å¼e prezydent donald  trump  pokazywaÅ‚ merkel  jej miejsce w szeregu,2021-08-01 10:40:56+00:00,Today I say rightly very well that President Donald Trump showed Merkel her place in a row ,pl,0.2,0.3
 onet wiadomosci  sÅ‚usznie postÄ™powaÅ‚ prezydent trump  pokazujÄ…c merkel  jej miejsce w szeregu,2021-08-01 10:39:40+00:00,Onet news rightly acted President Trump showing Merkel her place in a row ,pl,0.2857142857142857,0.5357142857142857
ron filipkowski  trump  trump mark  trump  ,2021-08-01 05:27:38+00:00,ron filipkowski  trump  trump mark  trump ,pl,0.0,0.0
